{"count":1,"self":59752.9591808,"total":210153.4284032,"children":{"AgentSendState":{"count":62500254,"self":1089.307648,"total":85548.5727395,"children":{"CollectObservations":{"count":50000204,"self":62.1271424,"total":62.127139299999996,"children":null},"CollectDiscreteActionMasks":{"count":50000204,"self":53.6538432,"total":53.6538441,"children":null},"AgentInfo.ToProto":{"count":50000204,"self":298.34808319999996,"total":84343.4841402,"children":{"GenerateSensorData":{"count":50000204,"self":1252.7356928,"total":84045.136046899992,"children":{"CameraSensor.GetCompressedObservation":{"count":100000408,"self":82792.402124799992,"total":82792.400404699991,"children":null}}}}}}},"DecideAction":{"count":62500254,"self":63486.584422399996,"total":63486.584251399996,"children":null},"AgentAct":{"count":62500254,"self":1243.4441216,"total":1359.2427413999999,"children":{"AgentInfo.ToProto":{"count":61339,"self":0.5033624,"total":115.79862209999999,"children":{"GenerateSensorData":{"count":61339,"self":1.9326439999999998,"total":115.29525969999999,"children":{"CameraSensor.GetCompressedObservation":{"count":122678,"self":113.36261119999999,"total":113.36261569999999,"children":null}}}}}}},"AgentInfo.ToProto":{"count":3226,"self":0.0278353,"total":6.0708258,"children":{"GenerateSensorData":{"count":3226,"self":0.0847632,"total":6.0429905,"children":{"CameraSensor.GetCompressedObservation":{"count":6452,"self":5.9582272,"total":5.9582273,"children":null}}}}}},"gauges":{"CNNLearning.CumulativeReward":{"count":64565,"max":28.99916,"min":-2.05880976,"runningAverage":20.4784813,"value":27.4992123,"weightedAverage":26.3208447}},"metadata":{"timer_format_version":"0.1.0","start_time_seconds":"1618754581","unity_version":"2019.4.11f1","command_line_arguments":"C:\\Program Files\\Unity\\Hub\\Editor\\2019.4.11f1\\Editor\\Unity.exe -projectpath C:\/Users\/Neil\/unity_project\/unity_aircraft -useHub -hubIPC -cloudEnvironment production -hubSessionId 19ead520-9d35-11eb-bbbe-7b7790352fa1 -accessToken O3duM6OzRPk30UMX56CNjj7wAIf0Li2Y1SB_P7Wiwco011f","communication_protocol_version":"1.0.0","com.unity.ml-agents_version":"1.0.2","scene_name":"Training","end_time_seconds":"1618964735"}}